{"stat.useItem.minecraft.command_block":3,"stat.walkOneCm":122375,"stat.useItem.minecraft.stone":5,"stat.horseOneCm":11597,"stat.useItem.minecraft.repeater":5,"stat.leaveGame":4,"stat.drop.minecraft.diamond_horse_armor":1,"stat.useItem.minecraft.log":184,"stat.useItem.minecraft.comparator":1,"stat.useItem.minecraft.gravel":1,"stat.useItem.minecraft.stained_glass_pane":21,"stat.jump":334,"stat.swimOneCm":6682,"stat.drop.minecraft.saddle":1,"stat.useItem.minecraft.planks":357,"stat.fallOneCm":10174,"stat.useItem.minecraft.redstone":7,"stat.drop.minecraft.dye":1,"stat.crouchOneCm":4038,"stat.drop.minecraft.emerald":1,"stat.useItem.minecraft.redstone_torch":1,"stat.useItem.minecraft.stone_button":4,"stat.useItem.minecraft.leaves":1,"stat.useItem.minecraft.dirt":21,"stat.sprintOneCm":45789,"achievement.exploreAllBiomes":{"value":0,"progress":["Jungle","River","Taiga","Swampland"]},"stat.useItem.minecraft.glass_pane":2,"stat.pickup.minecraft.gold_ingot":10,"stat.pickup.minecraft.diamond_horse_armor":1,"stat.useItem.minecraft.stone_slab":2,"achievement.openInventory":19,"stat.damageTaken":630,"stat.pickup.minecraft.emerald":1,"stat.pickup.minecraft.saddle":1,"stat.pickup.minecraft.dye":1,"stat.flyOneCm":545571,"stat.deaths":11,"stat.drop":29,"stat.useItem.minecraft.birch_fence":45,"stat.pickup.minecraft.diamond":13,"stat.playOneMinute":83480,"stat.damageDealt":10,"stat.drop.minecraft.gold_ingot":10,"stat.timeSinceDeath":15999,"stat.useItem.minecraft.birch_stairs":222,"stat.drop.minecraft.diamond":13,"stat.useItem.minecraft.wooden_slab":8,"stat.diveOneCm":11789}