{"stat.craftItem.minecraft.leather_leggings":3,"stat.drop.minecraft.mutton":1,"stat.horseOneCm":84983,"stat.useItem.minecraft.repeater":298,"stat.leaveGame":14,"stat.mineBlock.minecraft.yellow_flower":1,"stat.useItem.minecraft.repeating_command_block":3,"stat.useItem.minecraft.glowstone":8,"stat.swimOneCm":39437,"stat.useItem.minecraft.planks":338,"stat.climbOneCm":9025,"stat.useItem.minecraft.coal_block":2,"stat.useItem.minecraft.redstone_torch":58,"stat.useItem.minecraft.dirt":1356,"achievement.exploreAllBiomes":{"value":0,"progress":["Birch Forest","Jungle","River","JungleHills","Taiga","TaigaHills","Swampland"]},"stat.useItem.minecraft.water_bucket":28,"stat.useItem.minecraft.vine":249,"stat.useItem.minecraft.brick_block":104,"stat.flyOneCm":3902937,"stat.craftItem.minecraft.wooden_hoe":2,"stat.killEntity.Villager":8,"stat.timeSinceDeath":12934,"stat.hopperInspected":1,"stat.useItem.minecraft.sign":8,"stat.useItem.minecraft.spawn_egg":12,"stat.useItem.minecraft.wooden_slab":109,"stat.useItem.minecraft.iron_door":1,"stat.useItem.minecraft.oak_stairs":234,"stat.talkedToVillager":47,"stat.craftItem.minecraft.leather_helmet":3,"stat.useItem.minecraft.redstone":189,"stat.useItem.minecraft.sea_lantern":14,"stat.pickup.minecraft.nether_star":2,"achievement.mineWood":2,"stat.useItem.minecraft.trapdoor":38,"stat.useItem.minecraft.stained_glass":2,"stat.sprintOneCm":354853,"stat.useItem.minecraft.fence":54,"stat.useItem.minecraft.bed":5,"achievement.openInventory":330,"stat.craftItem.minecraft.gold_nugget":18,"stat.useItem.minecraft.flint_and_steel":2,"stat.useItem.minecraft.wheat_seeds":3,"stat.useItem.minecraft.wooden_button":6,"stat.pickup.minecraft.emerald":8,"stat.deaths":54,"stat.drop":12,"stat.craftItem.minecraft.leather_chestplate":3,"stat.playOneMinute":720119,"stat.useItem.minecraft.wooden_sword":8,"stat.useItem.minecraft.ladder":8,"stat.useItem.minecraft.birch_stairs":63,"stat.mineBlock.minecraft.tallgrass":2,"stat.diveOneCm":13642,"stat.chestOpened":28,"stat.useItem.minecraft.sticky_piston":161,"stat.useItem.minecraft.stone":869,"stat.useItem.minecraft.carpet":94,"stat.useItem.minecraft.potion":1,"stat.useItem.minecraft.stained_glass_pane":10,"stat.useItem.minecraft.bedrock":11,"stat.jump":2515,"stat.fallOneCm":65542,"stat.useItem.minecraft.piston":12,"stat.crouchOneCm":22742,"stat.useItem.minecraft.glass":33,"stat.damageTaken":9176,"stat.useItem.minecraft.furnace":4,"stat.useItem.minecraft.gold_block":9,"stat.dispenserInspected":2,"stat.tradedWithVillager":4,"stat.pickup.minecraft.dye":1,"stat.useItem.minecraft.slime":13,"stat.useItem.minecraft.birch_fence":13,"stat.damageDealt":1969,"stat.useItem.minecraft.wool":868,"stat.useItem.minecraft.crafting_table":10,"stat.useItem.minecraft.iron_bars":3,"stat.useItem.minecraft.command_block":27,"stat.walkOneCm":1131070,"stat.useItem.minecraft.torch":5,"stat.useItem.minecraft.chest":14,"stat.playerKills":1,"stat.pickup.minecraft.stick":62,"stat.useItem.minecraft.log":152,"stat.useItem.minecraft.comparator":5,"stat.useItem.minecraft.tnt":9,"stat.craftItem.minecraft.leather_boots":3,"stat.useItem.minecraft.gravel":19,"stat.useItem.minecraft.lava_bucket":134,"stat.useItem.minecraft.golden_hoe":3,"stat.useItem.minecraft.redstone_block":2,"stat.drop.minecraft.emerald":4,"stat.useItem.minecraft.leaves":9,"stat.useItem.minecraft.glass_pane":1,"stat.pickup.minecraft.gold_ingot":47,"stat.useItem.minecraft.iron_sword":15,"stat.useItem.minecraft.barrier":292,"stat.useItem.minecraft.iron_block":16,"stat.mobKills":8,"stat.useItem.minecraft.stonebrick":174,"stat.useItem.minecraft.wooden_door":4,"stat.useItem.minecraft.monster_egg":10,"stat.useItem.minecraft.grass_path":1,"stat.useItem.minecraft.spruce_door":8,"stat.pickup.minecraft.diamond":62,"stat.sneakTime":5065}