{"stat.useItem.minecraft.string":5,"stat.useItem.minecraft.bow":17,"stat.pickup.minecraft.lingering_potion":18,"stat.useItem.minecraft.repeater":1,"stat.leaveGame":7,"stat.drop.minecraft.redstone":1,"stat.useItem.minecraft.diamond_sword":11,"stat.swimOneCm":28590,"stat.climbOneCm":13972,"stat.useItem.minecraft.planks":68,"stat.pickup.minecraft.enchanted_book":1,"stat.useItem.minecraft.redstone_torch":9,"stat.useItem.minecraft.dirt":157,"stat.pickup.minecraft.purpur_block":1,"achievement.exploreAllBiomes":{"value":0,"progress":["Jungle","River","JungleHills","Taiga","Swampland"]},"stat.useItem.minecraft.water_bucket":1,"stat.aviateOneCm":16192,"stat.useItem.minecraft.anvil":4,"stat.flyOneCm":2003435,"stat.pickup.minecraft.soul_sand":4,"stat.killEntity.Villager":1,"stat.drop.minecraft.gold_ingot":5,"stat.timeSinceDeath":35456,"stat.hopperInspected":1,"stat.useItem.minecraft.sign":14,"stat.drop.minecraft.diamond":4,"stat.useItem.minecraft.wooden_slab":1,"stat.useItem.minecraft.iron_door":7,"stat.trappedChestTriggered":12,"stat.useItem.minecraft.lever":2,"stat.pickup.minecraft.stonebrick":130,"stat.furnaceInteraction":5,"stat.talkedToVillager":26,"stat.pickup.minecraft.nether_brick":2,"stat.useItem.minecraft.redstone":4,"stat.useItem.minecraft.sea_lantern":4,"stat.pickup.minecraft.nether_star":16,"stat.sprintOneCm":157599,"stat.useItem.minecraft.diamond_shovel":319,"achievement.openInventory":258,"stat.useItem.minecraft.wooden_button":1,"stat.useItem.minecraft.lingering_potion":9,"stat.pickup.minecraft.emerald":29,"stat.deaths":14,"stat.drop":35,"stat.playOneMinute":346771,"stat.useItem.minecraft.ladder":27,"stat.drop.minecraft.chest":2,"stat.useItem.minecraft.birch_stairs":2,"stat.pickup.minecraft.netherrack":27,"stat.diveOneCm":20350,"stat.chestOpened":67,"stat.useItem.minecraft.sticky_piston":1,"stat.useItem.minecraft.stone":195,"stat.useItem.minecraft.carpet":3,"stat.jump":1495,"stat.useItem.minecraft.iron_trapdoor":12,"stat.fallOneCm":73808,"stat.pickup.minecraft.iron_ingot":12,"stat.drop.minecraft.dye":2,"stat.useItem.minecraft.trapped_chest":2,"stat.crouchOneCm":19703,"stat.useItem.minecraft.stone_button":39,"stat.drop.minecraft.glass":1,"stat.craftingTableInteraction":1,"stat.useItem.minecraft.dispenser":7,"stat.dropperInspected":1,"stat.drop.minecraft.barrier":2,"stat.damageTaken":17740,"stat.dispenserInspected":12,"stat.useItem.minecraft.gold_block":9,"stat.drop.minecraft.stone_button":5,"stat.pickup.minecraft.end_crystal":2,"stat.pickup.minecraft.dye":9,"stat.useItem.minecraft.birch_fence":4,"stat.damageDealt":663,"stat.killEntity.Rabbit":1,"stat.useItem.minecraft.wool":2,"stat.useItem.minecraft.command_block":22,"stat.walkOneCm":463392,"stat.useItem.minecraft.torch":10,"stat.useItem.minecraft.chest":13,"stat.playerKills":1,"stat.pickup.minecraft.stick":5186,"stat.useItem.minecraft.lava_bucket":5,"stat.useItem.minecraft.golden_hoe":6,"stat.useItem.minecraft.birch_fence_gate":5,"stat.drop.minecraft.emerald":11,"stat.drop.minecraft.command_block":1,"stat.pickup.minecraft.gold_ingot":191,"stat.useItem.minecraft.birch_door":2,"stat.useItem.minecraft.tripwire_hook":6,"stat.useItem.minecraft.barrier":5,"stat.mobKills":2,"stat.useItem.minecraft.stonebrick":501,"stat.useItem.minecraft.monster_egg":1,"stat.useItem.minecraft.spruce_door":11,"stat.pickup.minecraft.diamond":231,"stat.sneakTime":13660,"stat.pickup.minecraft.elytra":1,"stat.drop.minecraft.grass":1,"stat.pickup.minecraft.chest":1}