{"stat.useItem.minecraft.string":20,"stat.killEntity.EntityHorse":4,"stat.useItem.minecraft.painting":54,"stat.leaveGame":51,"stat.useItem.minecraft.bookshelf":17,"stat.useItem.minecraft.soul_sand":20,"stat.killEntity.Ozelot":1,"stat.drop.minecraft.redstone":3,"stat.useItem.minecraft.lead":10,"stat.useItem.minecraft.repeating_command_block":6,"stat.useItem.minecraft.glowstone":342,"stat.drop.minecraft.skull":1,"stat.useItem.minecraft.planks":149,"stat.useItem.minecraft.golden_shovel":310,"stat.useItem.minecraft.water_bucket":188,"stat.useItem.minecraft.diamond_hoe":74,"stat.useItem.minecraft.vine":187,"stat.aviateOneCm":91476,"stat.useItem.minecraft.anvil":12,"stat.useItem.minecraft.brown_mushroom":20,"stat.killEntity.MushroomCow":1,"stat.killEntity.Villager":4,"stat.useItem.minecraft.fence_gate":1,"stat.hopperInspected":10,"stat.drop.minecraft.diamond":5,"stat.useItem.minecraft.spawn_egg":526,"stat.trappedChestTriggered":7,"stat.useItem.minecraft.oak_stairs":4,"stat.useItem.minecraft.nether_wart":20,"stat.furnaceInteraction":2,"stat.useItem.minecraft.pumpkin_seeds":5,"stat.drop.minecraft.stone_slab":1,"stat.craftItem.minecraft.leather_helmet":1,"stat.useItem.minecraft.double_plant":65,"stat.useItem.minecraft.redstone":1143,"stat.useItem.minecraft.trapdoor":10,"stat.useItem.minecraft.stained_glass":17,"stat.useItem.minecraft.fence":38,"stat.useItem.minecraft.stone_stairs":1,"stat.useItem.minecraft.ice":1,"achievement.openInventory":642,"stat.useItem.minecraft.flint_and_steel":43,"stat.useItem.minecraft.wheat_seeds":14,"stat.useItem.minecraft.wooden_button":2,"stat.useItem.minecraft.hopper":57,"stat.pickup.minecraft.emerald":146,"stat.useItem.minecraft.dye":2105,"stat.deaths":63,"stat.pickup.minecraft.egg":10,"stat.playOneMinute":2932925,"stat.drop.minecraft.iron_ingot":2,"stat.mineBlock.minecraft.tallgrass":15,"stat.chestOpened":48,"stat.useItem.minecraft.lapis_ore":8,"stat.useItem.minecraft.stone":3183,"stat.mineBlock.minecraft.ice":70,"stat.useItem.minecraft.clay":17,"stat.fallOneCm":257077,"stat.drop.minecraft.stone":1,"stat.drop.minecraft.dye":2,"stat.useItem.minecraft.trapped_chest":3,"stat.crouchOneCm":105372,"stat.useItem.minecraft.emerald_ore":4,"stat.craftingTableInteraction":6,"stat.dropperInspected":5,"stat.pickup.minecraft.repeater":2,"stat.useItem.minecraft.dark_oak_fence":8,"stat.useItem.minecraft.reeds":52,"stat.useItem.minecraft.furnace":6,"stat.pickup.minecraft.dye":35,"stat.pickup.minecraft.lead":1,"stat.mineBlock.minecraft.glass":3,"stat.killEntity.Rabbit":3,"stat.useItem.minecraft.wool":1333,"stat.drop.minecraft.stick":1,"stat.useItem.minecraft.iron_bars":1,"stat.useItem.minecraft.torch":171,"stat.useItem.minecraft.log":42,"stat.useItem.minecraft.comparator":37,"stat.useItem.minecraft.cobblestone":3,"stat.craftItem.minecraft.leather_boots":1,"stat.useItem.minecraft.gravel":26,"stat.mineBlock.minecraft.double_plant":1,"stat.pickup.minecraft.redstone_block":1,"stat.useItem.minecraft.tallgrass":5,"stat.useItem.minecraft.glass_pane":18,"stat.useItem.minecraft.birch_door":2,"stat.useItem.minecraft.barrier":225,"stat.useItem.minecraft.daylight_detector":3,"stat.useItem.minecraft.wooden_pressure_plate":11,"stat.useItem.minecraft.stonebrick":14,"stat.mineBlock.minecraft.log":1,"stat.useItem.minecraft.grass_path":1,"stat.useItem.minecraft.spruce_door":18,"stat.sneakTime":52816,"stat.pickup.minecraft.wool":1,"stat.drop.minecraft.sea_lantern":1,"stat.pickup.minecraft.chest":2,"stat.useItem.minecraft.web":40,"stat.craftItem.minecraft.leather_leggings":1,"stat.pickup.minecraft.redstone_torch":1,"stat.horseOneCm":13285,"stat.useItem.minecraft.repeater":891,"stat.useItem.minecraft.skull":19,"stat.useItem.minecraft.diamond_sword":40,"stat.swimOneCm":108755,"stat.climbOneCm":62106,"stat.drop.minecraft.sticky_piston":1,"stat.useItem.minecraft.end_rod":3,"stat.craftItem.minecraft.arrow":30,"stat.useItem.minecraft.obsidian":7,"stat.useItem.minecraft.redstone_torch":204,"stat.useItem.minecraft.dirt":1445,"achievement.exploreAllBiomes":{"value":0,"progress":["Birch Forest Hills","Birch Forest","Plains","Beach","Jungle","Forest","Ocean","River","JungleHills","Desert","Taiga","Swampland","Deep Ocean"]},"stat.useItem.minecraft.egg":265,"stat.useItem.minecraft.iron_ore":11,"stat.pickup.minecraft.diamond_hoe":1,"stat.flyOneCm":20382999,"stat.useItem.minecraft.red_mushroom":19,"stat.pickup.minecraft.redstone":3,"stat.timeSinceDeath":347,"stat.useItem.minecraft.sign":103,"stat.useItem.minecraft.melon_block":4,"stat.useItem.minecraft.wooden_slab":147,"stat.useItem.minecraft.iron_door":13,"stat.drop.minecraft.repeater":2,"stat.useItem.minecraft.noteblock":49,"stat.useItem.minecraft.lever":1,"stat.useItem.minecraft.potato":15,"stat.killEntity.Wolf":4,"stat.drop.minecraft.wool":2,"stat.useItem.minecraft.armor_stand":3,"stat.talkedToVillager":47,"stat.useItem.minecraft.sea_lantern":58,"stat.drop.minecraft.obsidian":1,"stat.pickup.minecraft.nether_star":44,"stat.useItem.minecraft.written_book":8,"stat.useItem.minecraft.spruce_fence":11,"stat.useItem.minecraft.dropper":11,"stat.useItem.minecraft.diamond_block":16,"stat.sprintOneCm":1791771,"stat.useItem.minecraft.diamond_shovel":93,"stat.useItem.minecraft.stone_slab":418,"stat.useItem.minecraft.bed":1,"stat.craftItem.minecraft.gold_nugget":9,"stat.useItem.minecraft.stone_pressure_plate":3,"stat.useItem.minecraft.diamond_pickaxe":58,"stat.useItem.minecraft.carrot":20,"stat.useItem.minecraft.bucket":103,"stat.pickup.minecraft.spawn_egg":2232,"stat.drop":144,"stat.craftItem.minecraft.leather_chestplate":1,"stat.killEntity.Sheep":1,"stat.useItem.minecraft.diamond_ore":8,"stat.useItem.minecraft.ladder":68,"stat.drop.minecraft.redstone_block":2,"stat.useItem.minecraft.melon_seeds":4,"stat.useItem.minecraft.birch_stairs":128,"stat.diveOneCm":191616,"stat.useItem.minecraft.sticky_piston":152,"stat.pickup.minecraft.sign":1,"stat.drop.minecraft.cooked_beef":1,"stat.useItem.minecraft.waterlily":29,"stat.pickup.minecraft.obsidian":1,"stat.useItem.minecraft.heavy_weighted_pressure_plate":1,"stat.useItem.minecraft.carpet":158,"stat.useItem.minecraft.potion":75,"stat.useItem.minecraft.stained_glass_pane":2,"stat.useItem.minecraft.bedrock":2,"stat.useItem.minecraft.sand":207,"stat.jump":11372,"stat.pickup.minecraft.iron_ingot":50,"stat.useItem.minecraft.piston":17,"stat.useItem.minecraft.stone_button":21,"stat.useItem.minecraft.coal_ore":4,"stat.useItem.minecraft.light_weighted_pressure_plate":6,"stat.useItem.minecraft.dispenser":37,"stat.useItem.minecraft.glass":2,"stat.drop.minecraft.barrier":1,"stat.useItem.minecraft.sapling":10,"stat.pickup.minecraft.command_block":3,"stat.pickup.minecraft.cookie":2,"stat.damageTaken":22313,"stat.useItem.minecraft.end_crystal":14,"stat.mineBlock.minecraft.red_flower":1,"stat.useItem.minecraft.gold_block":31,"stat.dispenserInspected":187,"stat.tradedWithVillager":7,"stat.noteblockTuned":427,"stat.drop.minecraft.nether_star":5,"stat.useItem.minecraft.slime":13,"stat.damageDealt":4102,"stat.sleepInBed":1,"stat.useItem.minecraft.crafting_table":9,"stat.killEntity.Pig":1,"stat.useItem.minecraft.command_block":494,"stat.walkOneCm":3239136,"stat.useItem.minecraft.chest":26,"stat.pickup.minecraft.stick":25848,"stat.useItem.minecraft.pumpkin":7,"stat.useItem.minecraft.tnt":52,"stat.useItem.minecraft.lava_bucket":18,"stat.useItem.minecraft.gold_ore":6,"stat.useItem.minecraft.redstone_block":296,"stat.useItem.minecraft.item_frame":12,"stat.pickup.minecraft.stone":3,"stat.drop.minecraft.emerald":46,"stat.useItem.minecraft.leaves":66,"stat.drop.minecraft.command_block":1,"stat.useItem.minecraft.redstone_ore":4,"stat.useItem.minecraft.cactus":68,"stat.pickup.minecraft.cooked_beef":1,"stat.useItem.minecraft.netherrack":1,"stat.pickup.minecraft.gold_ingot":738,"stat.useItem.minecraft.tripwire_hook":8,"stat.killEntity.Chicken":4,"stat.drop.minecraft.cookie":1,"stat.useItem.minecraft.iron_block":4,"stat.drop.minecraft.end_rod":1,"stat.mobKills":26,"stat.useItem.minecraft.mossy_cobblestone":7,"stat.pickup.minecraft.diamond":811}