{"stat.crouchOneCm":214,"stat.useItem.minecraft.glass_pane":56,"stat.useItem.minecraft.fence":134,"achievement.exploreAllBiomes":{"value":0,"progress":["Desert","Deep Ocean","Taiga","Ocean","Beach","Plains","TaigaHills","Jungle","River","Swampland"]},"stat.useItem.minecraft.log":290,"stat.useItem.minecraft.leaves":5,"achievement.openInventory":15,"stat.useItem.minecraft.planks":290,"stat.flyOneCm":826020,"stat.drop":1,"stat.useItem.minecraft.jungle_stairs":151,"stat.useItem.minecraft.torch":22,"stat.useItem.minecraft.log2":239,"stat.timeSinceDeath":20141,"stat.playOneMinute":73917,"stat.leaveGame":4,"stat.useItem.minecraft.glowstone":8,"stat.diveOneCm":785,"stat.useItem.minecraft.sand":2,"achievement.mineWood":3,"stat.deaths":8,"stat.walkOneCm":79997,"stat.jump":149,"stat.useItem.minecraft.wooden_slab":70,"stat.swimOneCm":456,"stat.sprintOneCm":15458,"stat.useItem.minecraft.dirt":38}